ElTorque,ShTorque,Bicep,Tricep,AntDel,MedDel,PosDel,Pec,LowerTrap,MidTrap,Task,TrialNr,Su,Arm
7.932122369999972,3.4577022839999936,0.08696377451757244,0.034794623023935115,0.05129120703207356,0.018077226967583113,0.059187111171738166,0.013669517920538611,0.1425685011867223,0.07051876639874655,10%,1.0,c04,Right
7.517144455999988,3.237001070000021,0.12060981292845403,0.03629360354340339,0.05309349598226411,0.018756750666668674,0.0520208280579193,0.012655221831873701,0.13373873246529358,0.06011099355238887,10%,2.0,c04,Right
7.79649594999997,3.3585195200000046,0.11496103504084249,0.034186264041241546,0.028422756438995934,0.012082732727649708,0.033633396218826855,0.01076880011924794,0.13645962001023873,0.0375792631950547,10%,3.0,c04,Right
7.404333861999973,3.493297122000004,0.06796181421517405,0.026434052122909512,0.03819814532211832,0.014635938438957361,0.034383860309635444,0.010906375002295587,0.1450221487375645,0.039805939275727516,10%,4.0,c04,Right
7.562945913999968,3.586447580000033,0.06286049397286825,0.030988672631174306,0.028160963993015896,0.01505730707415434,0.03590725153003879,0.008260764450591923,0.11822910664405034,0.03883126685367975,10%,5.0,c04,Right
7.65707654999998,3.715010128000026,0.05977728896101622,0.030874020387520965,0.04004253865015171,0.014814154771163848,0.03636962884962393,0.008270812897342585,0.14155859052787928,0.04096835663935966,10%,6.0,c04,Right
7.788227720000005,3.6596128500000207,0.10122104383111805,0.03498214754714206,0.06882251367054172,0.01828216599337699,0.03731321771647249,0.011174646394242193,0.1278679752818518,0.042098939043238456,10%,7.0,c04,Right
7.549362105999969,3.539022697999957,0.09255987576990224,0.032954133473480925,0.05476779555985683,0.013609239544552381,0.036794031819296184,0.009529002362600746,0.08144757444644007,0.042425422414852684,10%,8.0,c04,Right
7.669989263999995,3.627073170000022,0.08625625739620237,0.03695088930647526,0.06328578094633722,0.01902110122324408,0.0439526523726692,0.013196371047698947,0.11796461887034797,0.051050644639459915,10%,9.0,c04,Right
7.392535380000004,3.4907642499999696,0.08353092341388667,0.031677308722572795,0.07410869441233779,0.02063724519418711,0.04358889153025265,0.00928048564082082,0.09647052734147911,0.0524501284221725,10%,10.0,c04,Right
7.774305619999964,10.59944975200005,0.10504033161446949,0.052147338154471014,0.11536353860059927,0.0323691731063157,0.05538957964188716,0.010965145653243757,0.1700207181429359,0.06262243539552267,30%,1.0,c04,Right
8.015656485999969,10.168374544000079,0.12078612918635662,0.04058461437432662,0.08857758563884993,0.026927684801933593,0.05113011290588206,0.011906072504189479,0.16693712923235238,0.06581067137457593,30%,2.0,c04,Right
7.671018960000016,10.37370604999999,0.06679244815384411,0.0619637367732176,0.1329989857229743,0.04799279561829761,0.07198458994774612,0.01171296776080012,0.18868586001484153,0.07460952755561304,30%,3.0,c04,Right
7.5991248999999845,11.499402468000103,0.09389208612225157,0.06314665514794197,0.13264993274852882,0.04858612646658213,0.07233701989540867,0.012273843883261781,0.2642270959193376,0.08507922744412698,30%,4.0,c04,Right
7.4326815919999465,11.687047999999857,0.065503549086428,0.07727114016926091,0.14525446541707215,0.056768001801799306,0.09046286402084336,0.01251184560481005,0.18070649603394678,0.08442734799387129,30%,5.0,c04,Right
7.915862675999954,11.470022887999969,0.114940645438558,0.0677952226750508,0.14362097967707418,0.0506961307566997,0.08976175992061876,0.01256841675385663,0.1818825960243101,0.09359601802864902,30%,6.0,c04,Right
7.527892147999983,11.538208759999938,0.08728546346868254,0.05891139566329281,0.13979227752897827,0.04123899647665768,0.07786992011914501,0.013095531267859156,0.17765876528858415,0.09359549554924428,30%,7.0,c04,Right
8.011603413999989,10.562391000000055,0.0707460258881802,0.07102766741965359,0.15252756397647654,0.05922415462008715,0.08974655109988598,0.01182180838655744,0.17225438570059415,0.09410427606356656,30%,8.0,c04,Right
7.783314736000051,10.376060596000016,0.08873146678958724,0.05822795013066146,0.10446898342454904,0.03952485837444234,0.07522473559563017,0.01372015369521473,0.1475470520378412,0.08774505926302387,30%,9.0,c04,Right
7.82379638999999,11.524510116000078,0.09086638413139207,0.059020210604839536,0.13299107186973874,0.042309703508926905,0.07047617600392088,0.013815901661468195,0.16818020813434822,0.09868216273901247,30%,10.0,c04,Right
7.806046184000044,17.874209220000036,0.12090970995703021,0.11185424118774587,0.22279620820430351,0.07264547016245727,0.11722897827071758,0.020916786123924256,0.26543284982057164,0.10423188330502653,50%,1.0,c04,Right
8.045395101999981,16.961382999999888,0.12691496931066348,0.10224039221825358,0.19692716594360837,0.0807290859221913,0.13427897099890823,0.027727309077092314,0.2038477490143263,0.09557182234601633,50%,2.0,c04,Right
7.680291022000053,17.68012784200015,0.14576971909519637,0.1225024999956087,0.19743647199990297,0.08933408595872581,0.14922525693635538,0.03102204612396174,0.2125263885794619,0.12190996838524314,50%,3.0,c04,Right
8.356895290000008,15.842212200000118,0.1049321280027332,0.08763173511550085,0.19142780071231003,0.06215022305587436,0.10057376689487044,0.0188530022343922,0.17615749783784151,0.1018064871437054,50%,4.0,c04,Right
8.207782781999986,17.56076002000007,0.06073478607306944,0.10177673729366975,0.23304650236838328,0.07685582960905177,0.12479317347536151,0.017234349618804268,0.22440278709642372,0.11454295139385084,50%,5.0,c04,Right
7.726995956000008,16.08341882000005,0.0943466648411788,0.10569446254876122,0.20625693636344372,0.08577785112776298,0.11005905468435187,0.018019140106308958,0.1730621127829441,0.10371139042985568,50%,6.0,c04,Right
7.422399142000071,17.215147310000035,0.0683181163964654,0.10074180389408165,0.24330780248403375,0.07422566574963829,0.11898742202817511,0.014025375596395709,0.18080156049794938,0.11108133888350276,50%,7.0,c04,Right
7.829698415999975,17.22317867999998,0.09273897394947941,0.0961288466923155,0.21911222332560704,0.077895284115816,0.10682637147579799,0.012775430146611866,0.2151246790276939,0.1249981375623468,50%,8.0,c04,Right
8.157674006000002,16.122392739999857,0.08777534753641546,0.08878870762604842,0.1838126595529436,0.06864421471149168,0.09462373752400025,0.01637755285513603,0.14817085704545355,0.10488495743686377,50%,9.0,c04,Right
8.007216000000003,16.956122441999916,0.08442165065763425,0.0999461197965479,0.21200615452060523,0.0753546720265945,0.11002097205588347,0.01780146779015127,0.17575642764273097,0.10868323234801314,50%,10.0,c04,Right
8.434214819999957,2.931916786000009,0.11863346677356895,0.19022859194215547,0.08530493524068929,0.1115430586542771,0.0649351370500225,0.17191059979568157,0.23355665653225308,0.07001103753035746,10%,1.0,c07,Right
7.627047756000008,4.139059051999987,0.11605670456428842,0.17837113454197037,0.10614577404234364,0.1101258153226983,0.06231868477049817,0.2313621880549195,0.2486441873327295,0.07453984232300125,10%,2.0,c07,Right
8.246822032000049,4.165086869999981,0.1305105316020246,0.19631999226335556,0.09043314867544412,0.10857970769516417,0.06130105571235041,0.1635010583451585,0.24460659089965567,0.06785788505650849,10%,3.0,c07,Right
8.53592853800001,2.9638070559999954,0.12632213713386692,0.169251650225365,0.07561612199051125,0.10373057299179043,0.06307252606817723,0.22718450765611603,0.23747601719465777,0.05861075361067883,10%,4.0,c07,Right
8.352672869999921,2.773541000000018,0.13363745618907313,0.18417422371597697,0.09142329952833758,0.11283572678884567,0.0627754623646139,0.16269419947652097,0.23511571785418736,0.06684767334609648,10%,5.0,c07,Right
8.429531364000072,4.018206370000005,0.1557245988124721,0.18905336486965243,0.11781880322379842,0.12243193098268171,0.06625251112187464,0.16753716736104066,0.2436485583004119,0.10246782000576096,10%,6.0,c07,Right
8.531603796000029,4.063669872000004,0.11255353824402063,0.1883806159119542,0.11174259681242925,0.11844600370461257,0.06319857728127172,0.22905880421807773,0.24181213255030387,0.08394320740209794,10%,7.0,c07,Right
8.826466981999983,4.105277999999999,0.10765338829501608,0.18690048488643465,0.11984688140444018,0.12852871154335913,0.06931619140988747,0.23079435935224224,0.24247500173714623,0.08613076820743962,10%,8.0,c07,Right
8.303456530000053,3.0007960180000186,0.1048947600548463,0.19365257607657999,0.08797913994891031,0.11200282017210816,0.06308476134562091,0.2267368123313196,0.2427087131874166,0.07998522811516545,10%,9.0,c07,Right
8.577136776000003,4.0020097100000145,0.11829269881353704,0.1856293407404586,0.1108022341718107,0.12987189149062886,0.06653423524298117,0.22092105069623022,0.23696575096046305,0.08150775734734474,10%,10.0,c07,Right
8.398698586000016,9.064958999999957,0.14492260107270924,0.1874197020088455,0.1648417740261415,0.13699236115195332,0.06993106959190902,0.23592096766149087,0.26420551033278217,0.1631069150610495,30%,1.0,c07,Right
8.437015972000006,10.05384060000004,0.17809785109219642,0.21552856218098254,0.25609273088873014,0.218611175039502,0.11723978279812328,0.22754449055487766,0.2552861436945145,0.22115067714462258,30%,2.0,c07,Right
8.65595138799993,8.726004000000076,0.1678611283710294,0.2190128918683536,0.2273655593713839,0.18980540898104692,0.11598591334224911,0.16191926390083988,0.2570068795398746,0.18435546621297325,30%,3.0,c07,Right
8.825855242000008,10.100077000000049,0.1814628097262126,0.2354158763478722,0.21050648838779173,0.22043997537315102,0.12702375199816315,0.23246358987108098,0.2771289423400358,0.17564793585467167,30%,4.0,c07,Right
8.53750040600003,8.86286280800005,0.17627268230671087,0.22243973639420936,0.20582918324072147,0.20301083101131895,0.10922930355810573,0.25970169850403274,0.2546991723798823,0.1759323382321466,30%,5.0,c07,Right
8.71680607400001,10.016242130000007,0.1456681507488984,0.21477394852235987,0.2003419563794468,0.17878488380490257,0.11258272236000527,0.25135568194338925,0.2515037948756897,0.17703990620206114,30%,6.0,c07,Right
8.277380420000004,10.21547724399991,0.12638263421011608,0.1968324321374105,0.17429717661302468,0.1365004869350085,0.07219362961360745,0.23538637926557826,0.2459418219863468,0.15788151238378328,30%,7.0,c07,Right
7.66876939199995,10.09759716000005,0.17876811275849097,0.22286891720508784,0.2184835682982701,0.18262356757288556,0.10495335277465759,0.2341756812851627,0.24690517354158836,0.19325168782547317,30%,8.0,c07,Right
8.470301782000032,8.747171999999974,0.16322780393993258,0.20882562872397234,0.22561262788665315,0.19958301911476606,0.10679660015116522,0.2248708296090534,0.2379062468758632,0.19711474976185697,30%,9.0,c07,Right
8.403251087999974,8.864902328000051,0.173600640036446,0.23478016910118552,0.22231022142717777,0.19939839139747667,0.11462663784121808,0.19020467412104447,0.2378813132930435,0.2128539840574328,30%,10.0,c07,Right
8.465215421999988,12.379481609999878,0.2981512370686786,0.3040558486505934,0.3065686238390339,0.3034030365295089,0.18370535174759667,0.14798969500803483,0.25533899817537725,0.31171090945338387,50%,1.0,c07,Right
8.458922761999984,14.817123003999953,0.27007735738668326,0.2938358605998213,0.28895694539003214,0.270569879423872,0.18743071557875357,0.23675101389869618,0.28739764181774496,0.3416052134643674,50%,2.0,c07,Right
8.615237943999972,12.548055230000042,0.25669167595028286,0.3082911413257541,0.271832888852406,0.2690135771800534,0.18299419233702538,0.2604538137516966,0.3283561760063291,0.22944573547416375,50%,3.0,c07,Right
8.245592635999994,14.711589274000046,0.5205847387289908,0.4596774907511602,0.5851115206335156,0.4944777262370684,0.2884799189576053,0.25849043755555995,0.3196586496838366,0.32453780395904824,50%,4.0,c07,Right
8.240154132000029,14.577916779999981,0.5290812578725625,0.4691162609674771,0.6803339252601435,0.5436698922882149,0.30946798543586007,0.191557682415294,0.28413276465003967,0.3360004054570901,50%,5.0,c07,Right
8.587757098,14.629217773999924,0.4746359233445333,0.4261074263114853,0.5781330859829676,0.48446503609839314,0.2686614621626766,0.24765843951726005,0.26003353594556067,0.3561080531996312,50%,6.0,c07,Right
9.037293323999988,13.725155570000009,0.31710845934813164,0.3254842751509575,0.3599221147556046,0.3574013505858966,0.2107680549878217,0.21977735095288228,0.2878266912237323,0.22909748763449278,50%,7.0,c07,Right
8.587966699999969,13.463935250000148,0.3467853759446745,0.3440349787576064,0.39879501061480677,0.382942226575032,0.23961681082388464,0.21491191466605597,0.2557376097270624,0.3646574251544688,50%,8.0,c07,Right
8.438637396000027,14.22657576400014,0.4991817709657807,0.4166342348069708,0.5649485693406129,0.5049977567170617,0.28303292248278145,0.2056178548590554,0.26270596156477044,0.3979702017892432,50%,9.0,c07,Right
8.574266286000036,14.389615704000065,0.42321735393230486,0.3990588132728304,0.45945485458333074,0.43295793419470235,0.2594530284590036,0.23979337370301615,0.2823932324246963,0.4284015045557191,50%,10.0,c07,Right
5.578644958000021,9.550572567999938,0.26551518122389134,0.02700518504056683,0.21602739340506041,0.02794647312880402,0.04904976236080485,0.09158294865522094,0.20088247249306362,0.10077788392791312,30%,1.0,c02,Right
7.241437710000022,8.69819183999992,0.3197219993127429,0.04460106690768553,0.20129276527655213,0.03313736713317534,0.048975385302533134,0.14782172329021664,0.3050792890180908,0.10168258985686042,30%,2.0,c02,Right
6.212053635999974,8.452790450000023,0.21725654105016928,0.04212831016594173,0.14349810540001334,0.05065750611849599,0.05002636844636594,0.10398779940871598,0.13152390477616796,0.10085155061009218,30%,3.0,c02,Right
6.279572730000002,8.332024970000031,0.2880090914941588,0.03607056427009953,0.18696351938279274,0.044769288311022455,0.04996131897781404,0.1409644672796365,0.17603023282656302,0.10341200370299256,30%,4.0,c02,Right
6.622529142000055,8.436744549999998,0.24369454961319426,0.029772774694346936,0.19158273442675272,0.025740275303995228,0.04982091236096335,0.13065447811347267,0.1571074861999794,0.10532665012661542,30%,5.0,c02,Right
6.350276078000029,8.067342009999972,0.23654080332455654,0.03219875411448419,0.20787042639898615,0.027366737589785032,0.04986663295176715,0.17470412140684916,0.10554908858284175,0.10509980699950891,30%,6.0,c02,Right
6.122924855999967,8.190567749999952,0.2586756867984909,0.03578341273113536,0.1771791570526547,0.025747438035108716,0.038677265410718815,0.158537315494369,0.07965677452165927,0.07748864897087096,30%,7.0,c02,Right
6.293513878000014,8.315303190000005,0.24428846493403142,0.022987116621604145,0.2069228541559756,0.024640518212043366,0.05072245246122634,0.1443827052697604,0.11922553046337893,0.09726985417798975,30%,8.0,c02,Right
6.094983839999997,8.563072559999963,0.2578226673211646,0.025629724126486998,0.1975746306882208,0.028793657326447206,0.05037961378700276,0.15170809882733124,0.1081397195110441,0.10392042110082987,30%,9.0,c02,Right
6.066735241999985,9.82689899999999,0.20402252859750628,0.0289621076651147,0.22183472130079573,0.02999952740968721,0.05012754259607817,0.10483912454047008,0.13163380451660847,0.10060221329393194,30%,10.0,c02,Right
6.35685867000002,14.131682999999862,0.24701216498919315,0.031361996645451015,0.3005775068001075,0.055427325788344126,0.050286657692881015,0.0848684781894266,0.23635436509860985,0.11157699311883139,50%,1.0,c02,Right
6.496724329999987,15.51525779800013,0.3125906375544131,0.03955763535391648,0.3150519569571151,0.08171823687776236,0.04915198512977463,0.07213154508576246,0.2742291096519487,0.13065368070530697,50%,2.0,c02,Right
7.091655959999966,12.52337202999999,0.006816079107173732,0.03611163809317952,0.27362506390498537,0.0552721102239268,0.05081544662714278,0.07390726001726919,0.21925052747725376,0.11264091450028348,50%,3.0,c02,Right
7.412240271999983,13.659658378000023,0.00655232815221077,0.03999462154245402,0.308228192678349,0.07913388757468057,0.049319264981655356,0.048752323795202473,0.19967944528422,0.2143792132180871,50%,4.0,c02,Right
5.688860812000048,14.641267390000094,0.0067875959772126775,0.0445775253465729,0.35081299749302963,0.10316125663578146,0.049190191820732365,0.045460784484362596,0.21789616434042505,0.213716673139381,50%,5.0,c02,Right
6.273619605999984,13.207274760000075,0.006894806363424215,0.03331121316009801,0.3352937643678609,0.07148239917295826,0.05058263578473573,0.03457541023243218,0.2508656853617798,0.20885341255030165,50%,6.0,c02,Right
5.990796396000045,13.023205169999967,0.006680397335959023,0.03594090759523541,0.35127653323788444,0.08476495137630559,0.05110394127658724,0.06072112842976918,0.31639321025208733,0.1586980802422463,50%,7.0,c02,Right
6.518077963999918,12.33139399999989,0.006700742569526547,0.034366904195826053,0.3489929061096494,0.07746090869374561,0.05042605376226888,0.06371843906929252,0.3238468409012614,0.13183831528384873,50%,8.0,c02,Right
6.871079168000055,13.635634009999944,0.00689413078067799,0.04566769460363509,0.3395876418684009,0.08094449676492646,0.05006251597060314,0.047640410973432856,0.067439122638143,0.2029663914352572,50%,9.0,c02,Right
5.858230501999998,13.837489181999945,0.00678119441928848,0.04251089592358924,0.36636664899793514,0.0824932808756166,0.04966458342970228,0.05254218749682192,0.33519850610538965,0.14014399167682567,50%,10.0,c02,Right
6.0276636100000225,3.541310000000016,0.006758891300140691,0.02103209977437717,0.07201131568871913,0.02395694934147986,0.05048115524330511,0.11524204816327405,0.06892558615056207,0.10424774487832708,10%,1.0,c02,Right
7.331052478000041,2.553088120000017,0.006846082900972145,0.03136739727340263,0.0608843256317955,0.02512795950401774,0.05057369073032395,0.11086468229196542,0.09367269805573267,0.10713018752673548,10%,2.0,c02,Right
6.894540220000008,3.537982816000005,0.006737316616049599,0.028299740080869048,0.09851219075407577,0.023618741255021513,0.050146618382620474,0.06899432158290174,0.05271301388234902,0.09977932964174038,10%,3.0,c02,Right
5.682311480000027,3.4285799080000072,0.006685778441968249,0.022636363372548936,0.11322557051657993,0.02386592715393443,0.05013758957026026,0.03454173943900826,0.03500924082477975,0.1049167678574831,10%,4.0,c02,Right
5.674054000000037,3.541310000000016,0.0070446424159797665,0.027902018772144124,0.06444102349519022,0.02385256570784674,0.04938539352690076,0.08747363176470799,0.07821910143134035,0.10317770976689698,10%,5.0,c02,Right
5.560484137999984,3.3945599999999723,0.006845132918804498,0.02387926052875655,0.07190386382961299,0.024778588385868376,0.05023982756794797,0.0758859530843127,0.04264893631597868,0.10623863362108785,10%,6.0,c02,Right
5.508576432000017,3.3155669699999906,0.0068647329034229355,0.022555638798464134,0.10601216805797026,0.02445648742021815,0.05003538964436728,0.028333407887858427,0.06837344651920838,0.10566886682842935,10%,7.0,c02,Right
5.610806518000041,3.428325999999983,0.006507861246320896,0.02336224527120263,0.14365374190679317,0.026067263699425854,0.05077797454936539,0.023422374037765332,0.022212210024070547,0.10987314710441984,10%,8.0,c02,Right
5.661772879999958,3.2740409900000045,0.006651680913929143,0.026743519410301002,0.09384864600934287,0.02320682330785535,0.05034109308996767,0.03963378086495475,0.06210065421708859,0.10430267957958836,10%,9.0,c02,Right
5.31403748199999,3.431173180000012,0.007130884034643592,0.025805307520046873,0.0556476894329624,0.025022173306377262,0.04977439624210778,0.06298787106715775,0.09950736083174347,0.10342246641118401,10%,10.0,c02,Right
18.223579772000086,10.228887209999964,0.13409766482999785,0.022010552402267416,0.026571897784593946,0.023786160151568245,0.03440066617481467,0.04310609809821574,0.07852214366460651,0.018880661423567455,10%,1.0,c10,Right
18.413390311999997,10.327971060000039,0.2328444738221664,0.025687777466588672,0.03294624441881319,0.027456251085950185,0.04506660139084839,0.0512546505959748,0.09489330649594344,0.021965901584764986,10%,2.0,c10,Right
18.664990622000033,9.30749929800008,0.1781254320967544,0.02533888960378106,0.028753478492265182,0.023928647878137164,0.03926295766792298,0.05218142798259613,0.0986019483496098,0.02145504145869263,10%,3.0,c10,Right
17.15231434,11.54646142600001,0.18769179730046356,0.02418630270422509,0.029161459110854736,0.03196779515690486,0.037666679192033425,0.04214800179483938,0.09724114519064617,0.0393541068372404,10%,4.0,c10,Right
17.944143553999933,10.20340294000004,0.1384827780453647,0.024327801307355675,0.026549642873272737,0.023152314713183613,0.032356851610830954,0.043026320559325204,0.09019954556550568,0.030247053999382368,10%,5.0,c10,Right
18.876113152000112,10.559581873999967,0.11946994261720477,0.027533544385508348,0.025792510008456365,0.023692740883989944,0.03580465370019132,0.043162582016021384,0.09259315993785022,0.03615558123582927,10%,6.0,c10,Right
18.117699790000003,10.39019417799996,0.12186819406487515,0.023501175825185044,0.02631323582490971,0.02248870806621346,0.03488815960543884,0.045284656322393466,0.0980852543865879,0.043807381946837365,10%,7.0,c10,Right
17.33458410799996,10.12849425800002,0.09608224462130042,0.02438043642330374,0.023627593321220334,0.022496988657346426,0.03885042423054382,0.04447260359094585,0.08409563466850743,0.03605574127730202,10%,8.0,c10,Right
20.226962859999944,10.197689126000007,0.11486382625444325,0.02973612849988279,0.024505233636241488,0.0228380650466002,0.033193306180758705,0.044966242444310744,0.08287700009494668,0.03744646556839362,10%,9.0,c10,Right
15.970787079999996,8.79976607400001,0.06585310230378714,0.01927966402964826,0.024237143297525902,0.021125074283249085,0.03318992467554194,0.04199093888021972,0.07595692958036901,0.02760733539607277,10%,10.0,c10,Right
19.56223523799997,24.55099496399989,0.10789916640040473,0.023981998708880743,0.06760469403535908,0.05167630060747886,0.04604692766227471,0.05418023455707593,0.14423219072928825,0.1106187288537803,30%,1.0,c10,Right
18.960273372000017,29.565336711999944,0.07711938602100599,0.030967969698808644,0.0875074778631673,0.07610708276064598,0.07704951299879902,0.06974304803665533,0.1648205831673143,0.14331607441528618,30%,2.0,c10,Right
19.35389243200007,27.72891692200007,0.11972846528898112,0.02160082796762974,0.07226906810367172,0.059230518224411395,0.046544620319833,0.05354077256948207,0.15769863521079874,0.10289869203819625,30%,3.0,c10,Right
18.65208479799991,31.903094078000024,0.14409280249505219,0.034214662951953564,0.11648694735641826,0.09181000642819752,0.06592744474935294,0.04611964427069872,0.19231909452653131,0.18666280754757747,30%,4.0,c10,Right
19.08360954400006,28.095848627999946,0.0776337790900259,0.026316736306087475,0.08569880977615409,0.054506423668998244,0.03995911353106242,0.04189309389456034,0.16727320582058589,0.1061082005044783,30%,5.0,c10,Right
18.886910606000026,26.554220721999933,0.08487781621361977,0.029380924456335198,0.08907096529020496,0.08126831632920581,0.05820381881217093,0.04091265975139787,0.14733086574420645,0.12500277473179555,30%,6.0,c10,Right
20.803414486000005,28.66515037800009,0.1185172864077498,0.0282148742734408,0.09486116938782099,0.08680140640891346,0.0629489169959089,0.039094969688936075,0.1853127572228994,0.14758385903065147,30%,7.0,c10,Right
19.304766804000025,30.242238410000134,0.1613909018984553,0.028845638285967524,0.11893606347143576,0.09955929646925213,0.06713312126455502,0.04070907118753369,0.21195177315652666,0.14002434058187424,30%,8.0,c10,Right
19.226324018000007,28.88366352000004,0.1148521585011956,0.026701657075881378,0.10851572024009336,0.13259868414369833,0.08444580836130795,0.03964257888665152,0.2620136423022166,0.15556606215991123,30%,9.0,c10,Right
19.068488593999994,28.81451442000007,0.08636699285081367,0.030149542229392666,0.11444242109383139,0.09488373236007051,0.06237620876413373,0.040145007298514356,0.22197866852735135,0.1617097517058679,30%,10.0,c10,Right
20.49594844799998,44.491188132000026,0.0765747538015266,0.041646337622214764,0.1832439360367147,0.16854033827685252,0.11842510032452445,0.044095051032654084,0.31678525977594424,0.3523798121925644,50%,1.0,c10,Right
19.09486880199998,48.272099094000154,0.1752478343142121,0.08653038211522603,0.24311369672238262,0.20045011827820738,0.14141471316956575,0.05149110284671044,0.4252020262205299,0.3897042480791717,50%,2.0,c10,Right
20.49574979399996,42.89836375200013,0.2922064356224365,0.11036697485398163,0.18278043097871108,0.16934518318321132,0.1212568553343629,0.05493367424556986,0.31880605534119605,0.22767521358884657,50%,3.0,c10,Right
19.751772116000026,45.92784053999976,0.19910985297866343,0.09014828143945798,0.20212271330403864,0.18539889105544347,0.15226720066006227,0.053570242395883545,0.43273499817273775,0.33823285064635056,50%,4.0,c10,Right
18.230985494000034,44.74551347000008,0.3394780919305751,0.16777302477488523,0.22769416754523403,0.20516363915774227,0.16358589731051693,0.08704601080088738,0.34639519245768996,0.26843763898038986,50%,5.0,c10,Right
16.681989148,43.98144081799973,0.2215055201168275,0.09220029051051108,0.16453628285597435,0.16533382744179964,0.22043828250138317,0.05673243335075532,0.44642694606944744,0.29956604963040223,50%,6.0,c10,Right
19.48840073799998,44.10783809999993,0.17957016009569549,0.0680826544439022,0.22182684580856107,0.17155815871218297,0.10392241631196698,0.043555332918548836,0.31055021019459156,0.3089082174299909,50%,7.0,c10,Right
19.210882046000023,43.66697118400015,0.0762075552064065,0.03789154040351877,0.18913332138594255,0.15715194665585694,0.1160578290926391,0.04477261214900774,0.2885895253304242,0.31453307994508434,50%,8.0,c10,Right
17.767187517999993,46.454422345999745,0.1756946865191201,0.04604564460556102,0.28522708690083576,0.21602069369668594,0.15269486066054874,0.049204153258812965,0.48548815087251995,0.3717082004016726,50%,9.0,c10,Right
20.110758445999963,46.387337095999975,0.32495923335206145,0.14673835025454035,0.2543499449928797,0.25708493652470904,0.17766294848634204,0.04435216677478562,0.47323261512624937,0.33765455009771883,50%,10.0,c10,Right
6.825713219999984,11.874986535999954,0.21813810296449393,0.1838151507017026,0.07989723879225763,0.042449540958784324,0.06182033351074432,0.028531020319134494,0.23299254923754786,0.3480059298502224,30%,1.0,c08,Right
7.570370814000057,11.651834417999984,0.19271167316638319,0.19303326533862672,0.10928996130543897,0.038561133138277734,0.05361981142828577,0.023979980467319827,0.16852639380913062,0.2516481284701806,30%,2.0,c08,Right
6.79800158000001,10.492733748000104,0.21526870651313387,0.19025162929001851,0.08211600963479486,0.04829620466705283,0.06595053207034161,0.02315569917369559,0.1987765779516534,0.26019051899812606,30%,3.0,c08,Right
6.770637859999976,10.942531028000031,0.30246619971589217,0.23591387214348739,0.10146566025874212,0.06261028535345489,0.06081101036873051,0.02439722617120663,0.2033824564630745,0.2739543560421914,30%,4.0,c08,Right
6.412207110000007,11.986763670000123,0.23472393331431424,0.14172558301957633,0.09552766600951514,0.05445283433907945,0.057046160236784785,0.022623131371931414,0.2904816293839092,0.33730053606698773,30%,5.0,c08,Right
6.58390571000003,10.229033999999961,0.21479490639703366,0.1432643524695325,0.08024598043923326,0.039228369018323356,0.0386614785431217,0.020462687137208842,0.1645056335695973,0.35038602098724153,30%,6.0,c08,Right
6.599146589999982,12.756148059999912,0.19118468550211926,0.1982340289370658,0.0923558492978166,0.10206193123439518,0.09475135554656652,0.03465663731812943,0.45424147314285024,0.4013346659000285,30%,7.0,c08,Right
6.474727847999989,12.630695800000039,0.20078892571694607,0.17196283695576695,0.10154969793422045,0.06347563381459947,0.06811950855134181,0.026274119599581182,0.2462000264132324,0.35313155182506434,30%,8.0,c08,Right
7.165674508000008,12.458242179999955,0.2177155803320673,0.169952227798751,0.11422606897662783,0.05712816854117413,0.05918559537381128,0.04684865241208947,0.15521207413246627,0.3827088539379604,30%,9.0,c08,Right
6.899346115999993,12.207468648000038,0.24632861536334183,0.16636474230530748,0.07612580516156704,0.04097648317826647,0.05206714053541078,0.036126481361322675,0.1635993261959833,0.34469598862222817,30%,10.0,c08,Right
6.329714963999989,20.70899534599999,0.33128411066901986,0.35101987294592313,0.26182907723559967,0.23833754681041583,0.12988551213424734,0.025318488159804777,0.5904976258570854,0.7591911397831788,50%,1.0,c08,Right
6.529935323999962,18.413706440000002,0.2529194232788183,0.19784033562936088,0.21729923117206143,0.14267216927093884,0.09034839311128438,0.02135603450677112,0.3574243174090055,0.6578232629115178,50%,2.0,c08,Right
6.525239272,19.12963669600006,0.3624327996800028,0.20926723376052944,0.18770773525429754,0.1393546562321215,0.09166521009740694,0.022638924921071824,0.4100670196058357,0.8288339259377218,50%,3.0,c08,Right
6.469821569999983,19.05639934400003,0.5224415044661118,0.2718868205882144,0.15674282002556325,0.11858821752801607,0.09216103539695328,0.01962098795785521,0.4071100922416941,0.9421355588386541,50%,4.0,c08,Right
6.437342092000012,19.71392906200015,0.30059755341369443,0.23271988110769182,0.1691687896791775,0.12249399960632175,0.09083719552118773,0.02118510964017205,0.44337696170578367,0.8636277838233676,50%,5.0,c08,Right
6.597913644000001,20.976597258000016,0.43504986652635425,0.28736750336276684,0.23987290540590692,0.14099075918194737,0.10255952299797906,0.020282567486075515,0.5670647454613406,1.0047339276881728,50%,6.0,c08,Right
5.728550164000019,20.36528551600014,0.3264004772858437,0.30806421998788874,0.24964793935520685,0.16771299106609208,0.14646268553066188,0.02058246409073761,0.5689277909416242,1.0826405662201948,50%,7.0,c08,Right
7.19048592199998,19.48442376599978,0.4088671426537862,0.2861189277505238,0.1590768782254044,0.12397118687613735,0.10036600883922873,0.025558557833357823,0.4828676766778663,0.7707836453489292,50%,8.0,c08,Right
6.4271124839999745,19.840544594000026,0.30274620171703287,0.2746736747516196,0.19053771996614374,0.16003809286189213,0.12207195978829913,0.02230689179493102,0.41930663272483926,0.6459460988550577,50%,9.0,c08,Right
7.334140128000006,19.67111719599994,0.3056026242551008,0.3869643530232328,0.15760353244431216,0.13248184257584275,0.12846418704447335,0.022085904632244868,0.417336898719387,0.884827535588011,50%,10.0,c08,Right
6.432588790000039,4.515938991999975,0.14144951407980677,0.18472175162627957,0.040103325847803704,0.01924032392216566,0.03305193102461419,0.028808074045002494,0.13870322270414115,0.13338947481119343,10%,1.0,c08,Right
5.318651852000001,4.563438230000015,0.17031935687164187,0.16776161508519477,0.05044013019076921,0.023356500234153196,0.046489628860160455,0.032176080750760845,0.14112571351584957,0.1449596753995044,10%,2.0,c08,Right
6.355951875999971,3.8975394820000395,0.11220773199441345,0.1497677438046587,0.02326691853854287,0.018876402099407594,0.025254657750114592,0.03392689408983658,0.17843274489348643,0.1540129748710537,10%,3.0,c08,Right
6.465881450000029,4.661491000000003,0.20134943065812688,0.19898817452487172,0.05603010503809506,0.024683377563938225,0.04448793576768034,0.04804346818483624,0.27013673258983345,0.11977031670896755,10%,4.0,c08,Right
6.569727752000036,4.495793714000024,0.13336746608689762,0.15520882407122646,0.024972822993724882,0.020964097972028216,0.03982391792880258,0.03757982749596622,0.17435910052798986,0.14559336509047444,10%,5.0,c08,Right
6.569363207999996,4.479094999999978,0.11760380779507551,0.16278215335190607,0.023976498807486542,0.018977825375179634,0.018705040236429223,0.033070335847984744,0.14765001145949588,0.1373484884666593,10%,6.0,c08,Right
6.430808544000014,4.701453367999959,0.13824058786774163,0.18475623668660127,0.03218735855923196,0.025072849218255183,0.050719623404596584,0.030839428802147628,0.1741721955669907,0.173709603058664,10%,7.0,c08,Right
6.378855614000007,4.565985735999989,0.1490009218415147,0.1545899616228244,0.04289724905401448,0.021259962866677678,0.044837976277622746,0.03531554182952994,0.2328059306770782,0.062337716676472574,10%,8.0,c08,Right
6.724239901999995,5.765515964000005,0.13041771108891437,0.159462885869856,0.04013859229848417,0.02012770455260821,0.03769364627040542,0.03613178352895269,0.2642261658174637,0.14462059707137073,10%,9.0,c08,Right
6.408995423999988,4.455224672000016,0.13402372296438847,0.1718198045022608,0.02861677838309412,0.018831738916449084,0.029317770736354266,0.03331080509444448,0.20474002474355615,0.12434152116130198,10%,10.0,c08,Right
7.290401379999969,9.802719999999988,0.10355939303500582,0.16969650770171626,0.0865138084216609,0.09328417940632566,0.05472637225801252,0.025608946319356923,0.16756802865828807,0.09259445738432716,30%,1.0,c05,Right
7.236584208000013,10.028689000000037,0.08394527261804227,0.13923934975795163,0.09822950038536457,0.08658671513175181,0.05300317662298856,0.047644370346882445,0.1935272952716226,0.09339411447596911,30%,2.0,c05,Right
7.242360999999979,10.04473287000013,0.08620392795411264,0.14570787834977394,0.0952403651881578,0.07436333150431519,0.06141393907074835,0.03951459940524758,0.2081369081591475,0.09024466916448673,30%,3.0,c05,Right
7.109756273999984,11.485295992000145,0.08941161209203846,0.1424393330926167,0.10564399593520794,0.10636305045505116,0.07968741490251871,0.05383210578667395,0.3201159880340808,0.09848607202660183,30%,4.0,c05,Right
7.43339329199997,9.996128876000027,0.07928442606573133,0.1370871575095472,0.10152268073679484,0.09186757519673883,0.049190616341591324,0.02914555918105443,0.1945484262677514,0.0965736539611334,30%,5.0,c05,Right
7.044689484000069,9.91593096799999,0.07410466188761194,0.14729341702335463,0.1013126063220393,0.10870559096077136,0.059439632970763816,0.0483637199249307,0.21322897195619422,0.10143823963099452,30%,6.0,c05,Right
7.105362633999992,9.356286736000007,0.06163846638948998,0.10530622268944095,0.08554510040086703,0.08242814010950626,0.05577414530463873,0.04273019113620024,0.1883152944734936,0.08974653662309509,30%,7.0,c05,Right
7.452001684000012,8.784267900000081,0.07252805551978707,0.15437912386461106,0.07835890444653754,0.07251795036572299,0.05657757320211066,0.055319331188472216,0.20273127355393109,0.08532823721235619,30%,8.0,c05,Right
7.299064601999998,10.329997678000133,0.08016941675885247,0.15247199173292356,0.08535343874578549,0.09078019528119972,0.07854818406676471,0.05992495699776376,0.1889150513919155,0.09591737306410969,30%,9.0,c05,Right
7.0954271319999895,9.956605208000019,0.06997420848997002,0.11977957397034739,0.10634761049351808,0.08949926709897468,0.04675773174739793,0.03902945426619321,0.148868187189513,0.09671724533173408,30%,10.0,c05,Right
6.992545135999965,15.002032999999928,0.10764424677339844,0.1798143104567574,0.19847566890404492,0.20037930759204223,0.14117169265609048,0.05299692368278089,0.25559514183614435,0.21747168393145738,50%,1.0,c05,Right
7.321766848000038,14.913324760000163,0.11579118462276973,0.25906656317659726,0.17889906429826694,0.24037304648650365,0.1652135525546518,0.05789100365410615,0.25087630022881124,0.19664467374730443,50%,2.0,c05,Right
6.512678999999974,16.6902614260002,0.13268360161221912,0.25918425873727324,0.2507809235123571,0.29358959752125585,0.13992133073691068,0.07006106946098788,0.2229569685149793,0.1711462120359791,50%,3.0,c05,Right
7.3833253139999835,16.544781535999867,0.09625865528980677,0.2484459573040897,0.1961779149337795,0.27513587227772074,0.08635187339423926,0.048604308989393025,0.24657302078231383,0.17961285242436958,50%,4.0,c05,Right
6.961204816000026,14.913231716000078,0.07879729058788716,0.18968935443601573,0.16228685561615946,0.19669071618577758,0.07647243700193163,0.036757286946521556,0.17526694324024422,0.1361974285770339,50%,5.0,c05,Right
6.268244740000032,16.405376013999827,0.11139333798313233,0.27655747205373027,0.18304796477356758,0.25570864651943975,0.09726951900806545,0.041163603520397635,0.21931963732783855,0.15411685974321218,50%,6.0,c05,Right
7.195577194000048,16.346946956000053,0.10266900163720193,0.2361258913181185,0.18271519769263045,0.20844686971672788,0.09984305548467631,0.04067240074425764,0.2516586771150244,0.16225504155941736,50%,7.0,c05,Right
6.87812886599993,15.912304140000147,0.09993041065031504,0.2597432466677703,0.1721780689331829,0.21589155799070472,0.11188734081410903,0.051399368437984205,0.20163206474504594,0.13569671963081548,50%,8.0,c05,Right
6.7357615160000295,17.29821600000003,0.11998407238516512,0.33333970572997085,0.2180216085691428,0.2906036297855785,0.17928584604519215,0.03885260353383737,0.2231903437677057,0.17400579082677425,50%,9.0,c05,Right
6.916959176000045,15.855913764000048,0.09306759160263982,0.21983124684377267,0.1733734581913391,0.24361476977972205,0.08293340757585466,0.03844666780798648,0.17000249360898195,0.136245147846901,50%,10.0,c05,Right
7.073721899999964,4.993551999999953,0.09204476638250388,0.1750914868460023,0.05807048068578353,0.07152664999122288,0.025532080554904676,0.0164145952606962,0.15386671128620308,0.03492304802564626,10%,1.0,c05,Right
6.6459208980000275,4.889627419999973,0.06371676180028761,0.13573468018715118,0.04507321933804168,0.0668655939510429,0.021950538093556803,0.01706431873044376,0.1081445927698274,0.04080430739261791,10%,2.0,c05,Right
6.885349539999976,3.3510149999999754,0.05859323416930223,0.12356375745625366,0.03593499970707262,0.06517292066280812,0.01955738401843621,0.01499810711102233,0.08669485228271688,0.04527455239761803,10%,3.0,c05,Right
6.692875240000017,3.3749678199999784,0.05035693387654043,0.13622095797084252,0.03171172836211614,0.06397072989984402,0.02004179345262103,0.015245051007462632,0.0725630861598488,0.03487710302866873,10%,4.0,c05,Right
6.685389431999974,3.4639999999999924,0.05859182514901262,0.13567915460765492,0.0398696715493764,0.06772031183366835,0.020794950951630302,0.014851901345968047,0.09055074568735039,0.03305197199915666,10%,5.0,c05,Right
6.446374709999977,3.4639999999999924,0.05632469906017204,0.12743724183135313,0.037834475223207854,0.07047740543485144,0.019077912962283974,0.016972412386684562,0.07181321347407023,0.04581739745208529,10%,6.0,c05,Right
6.9780606099999485,4.2570610739999735,0.07173848409310825,0.14169086609396633,0.040445702169072534,0.06708000889957182,0.02181960461765471,0.015113968195012683,0.09511956117072604,0.04043654103268943,10%,7.0,c05,Right
6.78686019199996,3.5450943579999987,0.06217601675084736,0.12345939622846938,0.03806020013338319,0.06703318473178356,0.02016341625368527,0.01295225372564982,0.09979554245588926,0.044868098736563194,10%,8.0,c05,Right
6.868031875999991,3.706873944000035,0.06100396896086304,0.15114943948580584,0.038996484942658956,0.07217632881671321,0.022097663357317048,0.017132668160719754,0.1288438375503929,0.03314632659631197,10%,9.0,c05,Right
6.44979650600001,4.994025559999982,0.07457143723781214,0.13499220829619424,0.03679501392016787,0.07451023948948982,0.02518591443781335,0.018928383296908068,0.14242082481969645,0.033121724761587965,10%,10.0,c05,Right
17.966780554000035,53.27190509599952,0.19516395787119653,0.0555040865490416,0.17107373496352274,0.14081296273534366,0.11440576818393312,0.14721016624280217,0.38415144615218016,0.2667094080253842,50%,1.0,c09,Right
17.802418296000052,52.712557900000185,0.27256501038478503,0.054912681369241295,0.20368440608923558,0.15931455720064522,0.13712472649708984,0.1552474992200891,0.33412504800105636,0.30777130027213073,50%,2.0,c09,Right
18.663557638000015,50.452499855999626,0.14064661213302293,0.04062714358730932,0.16358591670310688,0.14013931954409647,0.12682758811514674,0.12985529726043885,0.2906457818217569,0.26729522876486433,50%,3.0,c09,Right
18.224029010000006,50.67771093999962,0.18495431075938654,0.05002192583191426,0.17483096284551214,0.11043665620383179,0.08501561463353632,0.1370095115524062,0.3154638974339804,0.23353293240262488,50%,4.0,c09,Right
17.832177692000013,51.610351492000405,0.21897560764785662,0.06671397553365568,0.1528320620288911,0.1176539319412495,0.10592931391720525,0.12919706423832628,0.36287169840120026,0.2722112773665025,50%,5.0,c09,Right
15.534976190000027,52.23644896400016,0.12450066712826578,0.0422178774355681,0.15117123311792918,0.1374095245663731,0.12659997917606586,0.13650182381370743,0.33227423712645077,0.2666927616706853,50%,6.0,c09,Right
15.043698830000022,54.84035144200029,0.19176166848246506,0.06666120904818058,0.20924847960908832,0.20366591536083975,0.16873115918995826,0.1419645106970583,0.40132888197480304,0.35023099380727046,50%,7.0,c09,Right
18.096545507999984,52.94037007000029,0.19217274028284934,0.059820716478146824,0.13228549192283295,0.11529654735788528,0.10798081363339175,0.09320192224018764,0.2640613200246589,0.32476393665433934,50%,8.0,c09,Right
16.992958808,54.29556816599959,0.18337883084596912,0.05903152881137898,0.19055622481467366,0.1729279804200637,0.13006403205091085,0.10044273350287031,0.4091526393340306,0.33431834353752277,50%,9.0,c09,Right
16.694926550000062,52.478078723999914,0.20763361654452725,0.05582431235726177,0.19498707566148882,0.1413698797935354,0.1326915393461111,0.08147425320870776,0.32871023395876664,0.34525989522480477,50%,10.0,c09,Right
17.460288801999923,11.63311100000008,0.08715708111442504,0.019623287777779823,0.09027435825609921,0.031047875211583534,0.019029780320103978,0.0630152355407004,0.14356598731043888,0.04650936252107891,10%,1.0,c09,Right
17.462289147999954,11.458316440000038,0.06663126660166592,0.017017888278619605,0.1011476444103819,0.031818187776305296,0.019490455399926353,0.062417645502614805,0.15060778859441606,0.04393977030117317,10%,2.0,c09,Right
17.762202357999975,12.516463859999952,0.055946956050833226,0.019134962671708413,0.09710693071536615,0.037872713764944416,0.02439211305449385,0.059675227070963455,0.12982079176688607,0.049997986744465546,10%,3.0,c09,Right
16.76256472400006,12.042305341999915,0.06583788683556417,0.019066682258537863,0.08837126028958707,0.02815664737746393,0.01988993838844449,0.06205697338879397,0.14644800406495484,0.04464903012918733,10%,4.0,c09,Right
17.499075219999963,10.844286469999942,0.04985574487240806,0.021499909772050265,0.07656903729743794,0.02989033679524232,0.021078262317678023,0.057961780224637625,0.13811942250889922,0.04901452995436605,10%,5.0,c09,Right
18.083685784000014,10.939228610000058,0.046575805537870836,0.021036501260442732,0.10181603473444246,0.036736708577149925,0.022815269624688765,0.061517577842966235,0.12468556142607999,0.046589922548896594,10%,6.0,c09,Right
17.979994160000018,10.972029999999924,0.05325640319768807,0.0189388107792651,0.10421359843769823,0.036351632108351274,0.021340712710303453,0.06320182720230567,0.16002344390641665,0.03689446866086624,10%,7.0,c09,Right
18.54955358199998,11.256575500000046,0.058697269147923135,0.018691390209923213,0.08078090524298501,0.030455372344153717,0.02129909594193543,0.05926833276345536,0.12405710462999436,0.042585959601789285,10%,8.0,c09,Right
16.803092206000038,11.725053170000034,0.052015274348442296,0.023427700069117714,0.09738738371471431,0.04040830737872865,0.02441217893065873,0.06394089568307267,0.12173780046469983,0.04523365724655975,10%,9.0,c09,Right
17.514094139999976,11.027130940000102,0.06134695287928308,0.02140788362400128,0.09137069156956386,0.04074361048699545,0.024983902963478178,0.06088321220638144,0.125054321941678,0.03875750929337576,10%,10.0,c09,Right
18.299391557999897,32.835242355999775,0.09159121115890256,0.02337907109513152,0.1640617848433135,0.07632492487645418,0.05855796642009543,0.07365017350440295,0.17231471540921006,0.11191037214309657,30%,1.0,c09,Right
17.213155153999995,35.08320515599968,0.0910210494971731,0.02374145525557358,0.15695462179922948,0.07475189050662494,0.054882666717549426,0.0818575088070448,0.18105591254432055,0.09121729871225435,30%,2.0,c09,Right
17.753634283999887,31.74207781199978,0.09143042746442105,0.019380758048500483,0.12885559037422123,0.06895010083633876,0.04515119628888842,0.08338955730576796,0.159080020851101,0.09748436716471626,30%,3.0,c09,Right
18.19899523800013,33.48012726999985,0.0886157311955239,0.022436097050187575,0.1354383775121222,0.06840659357405691,0.05068866356603185,0.07506775090590155,0.17839331898055766,0.11053692830951704,30%,4.0,c09,Right
18.27063153600002,33.71859661199982,0.0898991938365648,0.02009538023448138,0.1459565329800162,0.0570430444644898,0.03553666693382197,0.0934698005007821,0.16572529798921262,0.09120179441820966,30%,5.0,c09,Right
17.720022635999957,33.46202123400024,0.09260469778746465,0.018998249646575465,0.12029132426386693,0.06215051039507435,0.03861376660455873,0.0760938506671203,0.18452229494490086,0.0987489148248849,30%,6.0,c09,Right
18.077857952000034,32.17037957799966,0.08934092216077837,0.023574754643740644,0.16165235046945642,0.06967890838066537,0.05173010148484428,0.06698330735825611,0.14813519020569355,0.1322485908756307,30%,7.0,c09,Right
17.72071352399999,33.14114634,0.09205976525917976,0.02107106674908406,0.13730854490751593,0.0712661701024425,0.04392986996543623,0.0695935567683136,0.17710909018108806,0.09618055235664343,30%,8.0,c09,Right
18.199094391999967,32.784564142000285,0.08900146383154466,0.021935451243213562,0.12855414374576205,0.06194326865153384,0.044363124072860485,0.07604144362903473,0.18491685575667496,0.09317197419629736,30%,9.0,c09,Right
18.236007562000026,31.248862735999655,0.07760413348642153,0.023202842627610125,0.12208584435073216,0.07286971376048446,0.051156131659055144,0.06882844466448823,0.1862912203546779,0.12354057334799204,30%,10.0,c09,Right
17.562828562000004,26.889273091999772,0.15487361433174537,0.1744883585612895,0.10280670162658988,0.1383239124385383,0.11062797381901715,inf,0.7951846096694322,inf,50%,1.0,c06,Right
17.450422032000084,29.29395104599977,0.1486921959581462,0.1970151148291159,0.1377485479995197,0.18515097615135512,0.1407196584978562,inf,0.8148287362051796,inf,50%,2.0,c06,Right
14.447694227999985,29.487677644000065,0.15945997515101307,0.1696572216799688,0.13026372498278319,0.1766647235834132,0.14724428157171496,inf,0.8095698648345897,inf,50%,3.0,c06,Right
17.614196526,27.402086246000223,0.15858997871514752,0.18666864555658938,0.11256690584500459,0.14284497875428165,0.18730542284540092,inf,0.8131623168685714,inf,50%,4.0,c06,Right
17.304552343999976,27.926811510000004,0.09092303621189733,0.1797323614157252,0.09916544269697176,0.1765249713001973,0.19790041906308517,inf,0.7427244629246942,inf,50%,5.0,c06,Right
17.79042874599999,31.49776019799979,0.1401992158080566,0.17967775373126554,0.1108722976643553,0.17115740758349418,0.1997665883546222,inf,0.7458961255287,inf,50%,6.0,c06,Right
19.656123249999983,30.858037260000007,0.11906823495327547,0.220844374928355,0.10935038535046504,0.16062320041000863,0.13441180949944898,inf,0.7623655000545948,inf,50%,7.0,c06,Right
17.54334398799998,26.238126461999872,0.13017839377284535,0.2093251716707284,0.09143247534651525,0.14980458094103943,0.1282145889447201,inf,0.789904112457919,inf,50%,8.0,c06,Right
17.012805687999965,33.35200792800026,0.1423889302445383,0.2023345466425844,0.13817220172624398,0.184641620151275,0.1490648107268234,inf,0.8095636860228974,inf,50%,9.0,c06,Right
18.69273198600002,28.96969751199988,0.11947472844471159,0.19977461767358123,0.09473213734702651,0.15120523989889884,0.13013734808941999,inf,0.7791329351676669,inf,50%,10.0,c06,Right
17.16464463399997,6.01621903999998,0.14659522657930435,0.14815064386416046,0.05336048730792666,0.13389094122263456,0.11075741131746138,inf,0.8144724006024496,inf,10%,1.0,c06,Right
17.01562011600006,6.65179585200001,0.1181854159450749,0.15892589330365642,0.045598348352096876,0.12910029112754212,0.10613022831346976,inf,0.7657936866135193,inf,10%,2.0,c06,Right
16.399197847999982,8.105429101999972,0.10615022115995305,0.15143213911826667,0.043414025794144225,0.13668822362908134,0.10673935159426565,inf,0.792548995172445,inf,10%,3.0,c06,Right
16.41247211800009,8.080143369999961,0.10607429475360676,0.15152514385202073,0.04380248438061359,0.13287998728898462,0.10599709718905578,inf,0.7385990521895406,inf,10%,4.0,c06,Right
15.930617779999952,6.64887573800002,0.09592338930252485,0.13495447424131965,0.06020497060519512,0.1131165551713065,0.09120035877984269,inf,0.8035153319962165,inf,10%,5.0,c06,Right
16.061366922000037,8.326359067999967,0.0748601588352584,0.14146639261621607,0.047308780296135694,0.1178258156761723,0.0951228617976486,inf,0.7644743346621026,inf,10%,6.0,c06,Right
15.392273457999918,8.148475445999962,0.07320453668348312,0.1636396854895999,0.04715833784973677,0.12525030329180567,0.102773592299601,inf,0.8192014026777135,inf,10%,7.0,c06,Right
15.613922743999982,6.96721496000002,0.07531420025590677,0.1453824188106158,0.03640621720813367,0.11707281730600863,0.09518348893609116,inf,0.7776400495236544,inf,10%,8.0,c06,Right
15.375445466000016,6.584998130000021,0.07653573516956921,0.14067223424411587,0.04385555246862321,0.11359414061591748,0.09222890827858293,inf,0.8042094667665989,inf,10%,9.0,c06,Right
16.549240002000012,7.337482110000019,0.10737582004019973,0.1369631934024711,0.039632004414291204,0.12618464008090605,0.10069257634292887,inf,0.746320004364522,inf,10%,10.0,c06,Right
16.791958840000024,21.607201392000125,0.1508170859983187,0.1686201556582633,0.08749086504098927,0.1480652576342662,0.10194943310533883,inf,0.8507042497469804,inf,30%,1.0,c06,Right
16.40345486000005,20.47685731400018,0.081921998632901,0.16886467687098508,0.07963454406083184,0.14202613019136828,0.09852611845168552,inf,0.7843918065382568,inf,30%,2.0,c06,Right
16.605410775999992,19.968302844000082,0.10215608612896186,0.18678381833085292,0.08439340476778932,0.16282029766377273,0.1111930755517426,inf,0.7623747682721336,inf,30%,3.0,c06,Right
18.744746436000046,21.978854196000015,0.11706496356225728,0.16618972334837356,0.0842281955158731,0.15497442469809322,0.11104105948944341,inf,0.7835086910460469,inf,30%,4.0,c06,Right
17.322073803999917,19.372498298000096,0.11326559512513179,0.15819235930962228,0.07105273722350652,0.12971682774439355,0.09737274062371752,inf,0.8667590136545917,inf,30%,5.0,c06,Right
17.800792610000016,17.956757892000002,0.20161130598455523,0.16322604237905797,0.07280610862569574,0.13904704324062456,0.10793840646548598,inf,0.7435046773632465,inf,30%,6.0,c06,Right
16.441178439999998,19.829262104000065,0.09747853914293103,0.16735435765114698,0.0817945404856569,0.14304739590717447,0.09503891887780858,inf,0.738958477198117,inf,30%,7.0,c06,Right
18.623049873999953,19.92593990799999,0.09546699098688437,0.1493423893223116,0.06752127093119024,0.1359103706267225,0.09330436870385582,inf,0.7687825473073906,inf,30%,8.0,c06,Right
16.726774896000006,20.219858523999864,0.10651953753048345,0.16205119576110605,0.06969477706952971,0.13793294017799365,0.0916718831858885,inf,0.8263187635125845,inf,30%,9.0,c06,Right
18.506945033999973,19.334540218000036,0.09893895354928342,0.17179937759513872,0.06583047522952658,0.13008495368911344,0.09751891834773115,inf,0.7663266453146914,inf,30%,10.0,c06,Right
